CustomerID,ChurnProbability,Prediction,RiskLevel,ActualChurn
C00001,0.1997,0,Low Risk,0
C00002,0.2949,0,Low Risk,0
C00003,0.0009,0,Low Risk,0
C00004,0.0097,0,Low Risk,0
C00005,0.0049,0,Low Risk,0
C00006,0.0006,0,Low Risk,0
C00007,0.0001,0,Low Risk,0
C00008,0.002,0,Low Risk,0
C00009,0.0045,0,Low Risk,0
C00010,0.0111,0,Low Risk,0
C00011,0.0001,0,Low Risk,0
C00012,0.9951,1,High Risk,1
C00013,0.0127,0,Low Risk,0
C00014,0.9723,1,High Risk,1
C00015,0.0046,0,Low Risk,0
C00016,0.0016,0,Low Risk,0
C00017,0.0084,0,Low Risk,0
C00018,0.0006,0,Low Risk,0
C00019,0.5269,1,High Risk,1
C00020,0.1541,0,Low Risk,0
C00021,0.0447,0,Low Risk,0
C00022,0.0289,0,Low Risk,0
C00023,0.0,0,Low Risk,0
C00024,0.0053,0,Low Risk,0
C00025,0.0641,0,Low Risk,0
C00026,0.0001,0,Low Risk,0
C00027,0.003,0,Low Risk,0
C00028,0.0003,0,Low Risk,0
C00029,0.0002,0,Low Risk,0
C00030,0.0003,0,Low Risk,0
C00031,0.0093,0,Low Risk,0
C00032,0.9915,1,High Risk,1
C00033,0.0006,0,Low Risk,0
C00034,0.0007,0,Low Risk,0
C00035,0.0,0,Low Risk,0
C00036,0.0135,0,Low Risk,0
C00037,0.0128,0,Low Risk,0
C00038,0.0002,0,Low Risk,0
C00039,0.0044,0,Low Risk,0
C00040,0.0044,0,Low Risk,0
C00041,0.0004,0,Low Risk,0
C00042,0.8029,1,High Risk,0
C00043,0.0006,0,Low Risk,0
C00044,0.0204,0,Low Risk,0
C00045,0.0074,0,Low Risk,0
C00046,0.0014,0,Low Risk,0
C00047,0.0134,0,Low Risk,0
C00048,0.0304,0,Low Risk,0
C00049,0.0018,0,Low Risk,0
C00050,0.0007,0,Low Risk,0
C00051,0.0002,0,Low Risk,0
C00052,0.0029,0,Low Risk,0
C00053,0.0001,0,Low Risk,0
C00054,0.0043,0,Low Risk,0
C00055,0.9567,1,High Risk,1
C00056,0.0003,0,Low Risk,0
C00057,0.0002,0,Low Risk,0
C00058,0.0029,0,Low Risk,0
C00059,0.0002,0,Low Risk,0
C00060,0.0925,0,Low Risk,0
C00061,0.0953,0,Low Risk,0
C00062,0.8678,1,High Risk,1
C00063,0.0002,0,Low Risk,0
C00064,0.0008,0,Low Risk,0
C00065,0.0,0,Low Risk,0
C00066,0.9135,1,High Risk,0
C00067,0.0001,0,Low Risk,0
C00068,0.0002,0,Low Risk,0
C00069,0.9583,1,High Risk,1
C00070,0.0002,0,Low Risk,0
C00071,0.0004,0,Low Risk,0
C00072,0.0,0,Low Risk,0
C00073,0.0297,0,Low Risk,0
C00074,0.9809,1,High Risk,1
C00075,0.0002,0,Low Risk,0
C00076,0.0003,0,Low Risk,0
C00077,0.9642,1,High Risk,1
C00078,0.002,0,Low Risk,0
C00079,0.6015,1,High Risk,0
C00080,0.002,0,Low Risk,0
C00081,0.0026,0,Low Risk,0
C00082,0.0009,0,Low Risk,0
C00083,0.0042,0,Low Risk,0
C00084,0.0241,0,Low Risk,0
C00085,0.001,0,Low Risk,0
C00086,0.0003,0,Low Risk,0
C00087,0.0007,0,Low Risk,0
C00088,0.001,0,Low Risk,0
C00089,0.0002,0,Low Risk,0
C00090,0.0148,0,Low Risk,0
C00091,0.8914,1,High Risk,0
C00092,0.0007,0,Low Risk,0
C00093,0.1219,0,Low Risk,0
C00094,0.0001,0,Low Risk,0
C00095,0.008,0,Low Risk,0
C00096,0.1406,0,Low Risk,0
C00097,0.0177,0,Low Risk,0
C00098,0.0019,0,Low Risk,0
C00099,0.9094,1,High Risk,1
C00100,0.0004,0,Low Risk,0
C00101,0.0005,0,Low Risk,0
C00102,0.001,0,Low Risk,0
C00103,0.0001,0,Low Risk,0
C00104,0.4088,0,Medium Risk,0
C00105,0.8755,1,High Risk,1
C00106,0.002,0,Low Risk,0
C00107,0.9621,1,High Risk,1
C00108,0.0025,0,Low Risk,0
C00109,0.0001,0,Low Risk,0
C00110,0.002,0,Low Risk,0
C00111,0.0005,0,Low Risk,0
C00112,0.0007,0,Low Risk,0
C00113,0.2038,0,Low Risk,0
C00114,0.088,0,Low Risk,0
C00115,0.0003,0,Low Risk,0
C00116,0.0,0,Low Risk,0
C00117,0.044,0,Low Risk,0
C00118,0.0037,0,Low Risk,0
C00119,0.002,0,Low Risk,0
C00120,0.0,0,Low Risk,0
C00121,0.0053,0,Low Risk,0
C00122,0.0246,0,Low Risk,0
C00123,0.0006,0,Low Risk,0
C00124,0.0036,0,Low Risk,0
C00125,0.9951,1,High Risk,1
C00126,0.0002,0,Low Risk,0
C00127,0.0002,0,Low Risk,0
C00128,0.0225,0,Low Risk,0
C00129,0.0591,0,Low Risk,0
C00130,0.8729,1,High Risk,1
C00131,0.997,1,High Risk,1
C00132,0.9489,1,High Risk,1
C00133,0.0009,0,Low Risk,0
C00134,0.038,0,Low Risk,0
C00135,0.004,0,Low Risk,0
C00136,0.0002,0,Low Risk,0
C00137,0.9953,1,High Risk,1
C00138,0.0082,0,Low Risk,0
C00139,0.0385,0,Low Risk,0
C00140,0.9224,1,High Risk,1
C00141,0.0024,0,Low Risk,0
C00142,0.7418,1,High Risk,1
C00143,0.0003,0,Low Risk,0
C00144,0.0,0,Low Risk,0
C00145,0.0066,0,Low Risk,0
C00146,0.0003,0,Low Risk,0
C00147,0.8559,1,High Risk,1
C00148,0.0004,0,Low Risk,0
C00149,0.0044,0,Low Risk,0
C00150,0.0431,0,Low Risk,0
C00151,0.7996,1,High Risk,1
C00152,0.0198,0,Low Risk,0
C00153,0.0077,0,Low Risk,0
C00154,0.0011,0,Low Risk,0
C00155,0.001,0,Low Risk,0
C00156,0.0012,0,Low Risk,0
C00157,0.0062,0,Low Risk,0
C00158,0.8067,1,High Risk,0
C00159,0.0001,0,Low Risk,0
C00160,0.0007,0,Low Risk,0
C00161,0.0095,0,Low Risk,0
C00162,0.0254,0,Low Risk,0
C00163,0.0,0,Low Risk,0
C00164,0.0006,0,Low Risk,0
C00165,0.0,0,Low Risk,0
C00166,0.0011,0,Low Risk,0
C00167,0.009,0,Low Risk,0
C00168,0.0002,0,Low Risk,0
C00169,0.3191,0,Medium Risk,0
C00170,0.0015,0,Low Risk,0
C00171,0.0014,0,Low Risk,0
C00172,0.874,1,High Risk,1
C00173,0.001,0,Low Risk,0
C00174,0.9944,1,High Risk,1
C00175,0.0041,0,Low Risk,0
C00176,0.0001,0,Low Risk,0
C00177,0.0002,0,Low Risk,0
C00178,0.6639,1,High Risk,0
C00179,0.0,0,Low Risk,0
C00180,0.0004,0,Low Risk,0
C00181,0.9952,1,High Risk,1
C00182,0.0507,0,Low Risk,0
C00183,0.0001,0,Low Risk,0
C00184,0.0001,0,Low Risk,0
C00185,0.0111,0,Low Risk,0
C00186,0.0067,0,Low Risk,0
C00187,0.0006,0,Low Risk,0
C00188,0.0001,0,Low Risk,0
C00189,0.0089,0,Low Risk,0
C00190,0.0006,0,Low Risk,0
C00191,0.0001,0,Low Risk,0
C00192,0.0082,0,Low Risk,0
C00193,0.0,0,Low Risk,0
C00194,0.0031,0,Low Risk,0
C00195,0.0025,0,Low Risk,0
C00196,0.1453,0,Low Risk,0
C00197,0.0002,0,Low Risk,0
C00198,0.0171,0,Low Risk,0
C00199,0.6704,1,High Risk,0
C00200,0.003,0,Low Risk,0
C00201,0.0005,0,Low Risk,0
C00202,0.0,0,Low Risk,0
C00203,0.0018,0,Low Risk,0
C00204,0.0038,0,Low Risk,0
C00205,0.0018,0,Low Risk,0
C00206,0.0106,0,Low Risk,0
C00207,0.0,0,Low Risk,0
C00208,0.0005,0,Low Risk,0
C00209,0.011,0,Low Risk,0
C00210,0.0002,0,Low Risk,0
C00211,0.0062,0,Low Risk,0
C00212,0.0002,0,Low Risk,0
C00213,0.0071,0,Low Risk,0
C00214,0.9862,1,High Risk,1
C00215,0.0002,0,Low Risk,0
C00216,0.5962,1,High Risk,0
C00217,0.9763,1,High Risk,1
C00218,0.0,0,Low Risk,0
C00219,0.0,0,Low Risk,0
C00220,0.0013,0,Low Risk,0
C00221,0.0005,0,Low Risk,0
C00222,0.0008,0,Low Risk,0
C00223,0.0154,0,Low Risk,0
C00224,0.0031,0,Low Risk,0
C00225,0.0004,0,Low Risk,0
C00226,0.0105,0,Low Risk,0
C00227,0.0111,0,Low Risk,0
C00228,0.0005,0,Low Risk,0
C00229,0.0001,0,Low Risk,0
C00230,0.0006,0,Low Risk,0
C00231,0.0014,0,Low Risk,0
C00232,0.001,0,Low Risk,0
C00233,0.5187,1,High Risk,0
C00234,0.0001,0,Low Risk,0
C00235,0.0001,0,Low Risk,0
C00236,0.0331,0,Low Risk,0
C00237,0.0,0,Low Risk,0
C00238,0.0093,0,Low Risk,0
C00239,0.0268,0,Low Risk,0
C00240,0.0007,0,Low Risk,0
C00241,0.0002,0,Low Risk,0
C00242,0.0322,0,Low Risk,0
C00243,0.0008,0,Low Risk,0
C00244,0.0003,0,Low Risk,0
C00245,0.0154,0,Low Risk,0
C00246,0.0203,0,Low Risk,0
C00247,0.0004,0,Low Risk,0
C00248,0.0,0,Low Risk,0
C00249,0.0,0,Low Risk,0
C00250,0.0009,0,Low Risk,0
C00251,0.0501,0,Low Risk,0
C00252,0.8698,1,High Risk,1
C00253,0.0002,0,Low Risk,0
C00254,0.1906,0,Low Risk,0
C00255,0.0082,0,Low Risk,0
C00256,0.0131,0,Low Risk,0
C00257,0.0023,0,Low Risk,0
C00258,0.0022,0,Low Risk,0
C00259,0.0002,0,Low Risk,0
C00260,0.0014,0,Low Risk,0
C00261,0.0004,0,Low Risk,0
C00262,0.0002,0,Low Risk,0
C00263,0.9429,1,High Risk,1
C00264,0.0,0,Low Risk,0
C00265,0.0025,0,Low Risk,0
C00266,0.8491,1,High Risk,0
C00267,0.1586,0,Low Risk,0
C00268,0.0,0,Low Risk,0
C00269,0.0025,0,Low Risk,0
C00270,0.0003,0,Low Risk,0
C00271,0.9616,1,High Risk,1
C00272,0.0002,0,Low Risk,0
C00273,0.0023,0,Low Risk,0
C00274,0.0022,0,Low Risk,0
C00275,0.0006,0,Low Risk,0
C00276,0.0005,0,Low Risk,0
C00277,0.0001,0,Low Risk,0
C00278,0.4999,0,Medium Risk,0
C00279,0.0001,0,Low Risk,0
C00280,0.0001,0,Low Risk,0
C00281,0.0022,0,Low Risk,0
C00282,0.0235,0,Low Risk,0
C00283,0.9524,1,High Risk,1
C00284,0.2456,0,Low Risk,0
C00285,0.0098,0,Low Risk,0
C00286,0.009,0,Low Risk,0
C00287,0.2296,0,Low Risk,0
C00288,0.0001,0,Low Risk,0
C00289,0.0011,0,Low Risk,0
C00290,0.0004,0,Low Risk,0
C00291,0.0,0,Low Risk,0
C00292,0.0001,0,Low Risk,0
C00293,0.0136,0,Low Risk,0
C00294,0.0019,0,Low Risk,0
C00295,0.5132,1,High Risk,0
C00296,0.0001,0,Low Risk,0
C00297,0.1648,0,Low Risk,0
C00298,0.002,0,Low Risk,0
C00299,0.0002,0,Low Risk,0
C00300,0.013,0,Low Risk,0
C00301,0.0093,0,Low Risk,0
C00302,0.0011,0,Low Risk,0
C00303,0.0108,0,Low Risk,0
C00304,0.0011,0,Low Risk,0
C00305,0.0022,0,Low Risk,0
C00306,0.6549,1,High Risk,0
C00307,0.0085,0,Low Risk,0
C00308,0.0002,0,Low Risk,0
C00309,0.978,1,High Risk,1
C00310,0.001,0,Low Risk,0
C00311,0.0017,0,Low Risk,0
C00312,0.0016,0,Low Risk,0
C00313,0.006,0,Low Risk,0
C00314,0.0022,0,Low Risk,0
C00315,0.0014,0,Low Risk,0
C00316,0.0001,0,Low Risk,0
C00317,0.0159,0,Low Risk,0
C00318,0.0141,0,Low Risk,0
C00319,0.1558,0,Low Risk,0
C00320,0.0003,0,Low Risk,0
C00321,0.0005,0,Low Risk,0
C00322,0.0002,0,Low Risk,0
C00323,0.2661,0,Low Risk,0
C00324,0.9068,1,High Risk,1
C00325,0.0,0,Low Risk,0
C00326,0.0005,0,Low Risk,0
C00327,0.0026,0,Low Risk,0
C00328,0.0466,0,Low Risk,0
C00329,0.0026,0,Low Risk,0
C00330,0.0003,0,Low Risk,0
C00331,0.009,0,Low Risk,0
C00332,0.0061,0,Low Risk,0
C00333,0.0006,0,Low Risk,0
C00334,0.5718,1,High Risk,0
C00335,0.0017,0,Low Risk,0
C00336,0.1928,0,Low Risk,0
C00337,0.345,0,Medium Risk,0
C00338,0.9945,1,High Risk,1
C00339,0.0058,0,Low Risk,0
C00340,0.2893,0,Low Risk,0
C00341,0.0028,0,Low Risk,0
C00342,0.0002,0,Low Risk,0
C00343,0.0017,0,Low Risk,0
C00344,0.0025,0,Low Risk,0
C00345,0.0,0,Low Risk,0
C00346,0.9931,1,High Risk,1
C00347,0.0,0,Low Risk,0
C00348,0.9911,1,High Risk,1
C00349,0.0034,0,Low Risk,0
C00350,0.0107,0,Low Risk,0
C00351,0.0,0,Low Risk,0
C00352,0.0256,0,Low Risk,0
C00353,0.9441,1,High Risk,1
C00354,0.2593,0,Low Risk,0
C00355,0.0192,0,Low Risk,0
C00356,0.0001,0,Low Risk,0
C00357,0.0002,0,Low Risk,0
C00358,0.001,0,Low Risk,0
C00359,0.0046,0,Low Risk,0
C00360,0.0003,0,Low Risk,0
C00361,0.0006,0,Low Risk,0
C00362,0.8812,1,High Risk,1
C00363,0.0025,0,Low Risk,0
C00364,0.0003,0,Low Risk,0
C00365,0.0003,0,Low Risk,0
C00366,0.19,0,Low Risk,0
C00367,0.0083,0,Low Risk,0
C00368,0.4525,0,Medium Risk,0
C00369,0.0086,0,Low Risk,0
C00370,0.0015,0,Low Risk,0
C00371,0.0011,0,Low Risk,0
C00372,0.0022,0,Low Risk,0
C00373,0.007,0,Low Risk,0
C00374,0.0025,0,Low Risk,0
C00375,0.0004,0,Low Risk,0
C00376,0.0005,0,Low Risk,0
C00377,0.0007,0,Low Risk,0
C00378,0.0009,0,Low Risk,0
C00379,0.0002,0,Low Risk,0
C00380,0.001,0,Low Risk,0
C00381,0.0001,0,Low Risk,0
C00382,0.0001,0,Low Risk,0
C00383,0.0037,0,Low Risk,0
C00384,0.0001,0,Low Risk,0
C00385,0.9904,1,High Risk,1
C00386,0.1098,0,Low Risk,0
C00387,0.0,0,Low Risk,0
C00388,0.0005,0,Low Risk,0
C00389,0.0317,0,Low Risk,0
C00390,0.998,1,High Risk,1
C00391,0.3125,0,Medium Risk,0
C00392,0.0122,0,Low Risk,0
C00393,0.9493,1,High Risk,1
C00394,0.0164,0,Low Risk,0
C00395,0.0006,0,Low Risk,0
C00396,0.0182,0,Low Risk,0
C00397,0.9535,1,High Risk,1
C00398,0.0011,0,Low Risk,0
C00399,0.0,0,Low Risk,0
C00400,0.0006,0,Low Risk,0
C00401,0.9906,1,High Risk,1
C00402,0.0105,0,Low Risk,0
C00403,0.0001,0,Low Risk,0
C00404,0.0506,0,Low Risk,0
C00405,0.0868,0,Low Risk,0
C00406,0.0215,0,Low Risk,0
C00407,0.5032,1,High Risk,0
C00408,0.2734,0,Low Risk,0
C00409,0.0021,0,Low Risk,0
C00410,0.0023,0,Low Risk,0
C00411,0.0066,0,Low Risk,0
C00412,0.0002,0,Low Risk,0
C00413,0.0004,0,Low Risk,0
C00414,0.9193,1,High Risk,0
C00415,0.0006,0,Low Risk,0
C00416,0.0002,0,Low Risk,0
C00417,0.0004,0,Low Risk,0
C00418,0.0001,0,Low Risk,0
C00419,0.0331,0,Low Risk,0
C00420,0.0436,0,Low Risk,0
C00421,0.0007,0,Low Risk,0
C00422,0.0012,0,Low Risk,0
C00423,0.455,0,Medium Risk,0
C00424,0.9954,1,High Risk,1
C00425,0.0015,0,Low Risk,0
C00426,0.0013,0,Low Risk,0
C00427,0.0005,0,Low Risk,0
C00428,0.995,1,High Risk,1
C00429,0.0007,0,Low Risk,0
C00430,0.1768,0,Low Risk,0
C00431,0.0,0,Low Risk,0
C00432,0.0001,0,Low Risk,0
C00433,0.0168,0,Low Risk,0
C00434,0.0004,0,Low Risk,0
C00435,0.9806,1,High Risk,1
C00436,0.0172,0,Low Risk,0
C00437,0.1614,0,Low Risk,0
C00438,0.0052,0,Low Risk,0
C00439,0.0002,0,Low Risk,0
C00440,0.0024,0,Low Risk,0
C00441,0.0001,0,Low Risk,0
C00442,0.0007,0,Low Risk,0
C00443,0.002,0,Low Risk,0
C00444,0.0002,0,Low Risk,0
C00445,0.0,0,Low Risk,0
C00446,0.8207,1,High Risk,0
C00447,0.496,0,Medium Risk,0
C00448,0.0048,0,Low Risk,0
C00449,0.0001,0,Low Risk,0
C00450,0.0447,0,Low Risk,0
C00451,0.0001,0,Low Risk,0
C00452,0.0022,0,Low Risk,0
C00453,0.016,0,Low Risk,0
C00454,0.0,0,Low Risk,0
C00455,0.8925,1,High Risk,1
C00456,0.1371,0,Low Risk,0
C00457,0.0021,0,Low Risk,0
C00458,0.9888,1,High Risk,1
C00459,0.0193,0,Low Risk,0
C00460,0.0041,0,Low Risk,0
C00461,0.0049,0,Low Risk,0
C00462,0.0005,0,Low Risk,0
C00463,0.0002,0,Low Risk,0
C00464,0.736,1,High Risk,1
C00465,0.0029,0,Low Risk,0
C00466,0.0002,0,Low Risk,0
C00467,0.0005,0,Low Risk,0
C00468,0.0011,0,Low Risk,0
C00469,0.0003,0,Low Risk,0
C00470,0.9909,1,High Risk,1
C00471,0.9987,1,High Risk,1
C00472,0.0035,0,Low Risk,0
C00473,0.0003,0,Low Risk,0
C00474,0.0292,0,Low Risk,0
C00475,0.1044,0,Low Risk,0
C00476,0.0005,0,Low Risk,0
C00477,0.066,0,Low Risk,0
C00478,0.0192,0,Low Risk,0
C00479,0.014,0,Low Risk,0
C00480,0.6837,1,High Risk,1
C00481,0.0001,0,Low Risk,0
C00482,0.1082,0,Low Risk,0
C00483,0.0126,0,Low Risk,0
C00484,0.0243,0,Low Risk,0
C00485,0.0067,0,Low Risk,0
C00486,0.0006,0,Low Risk,0
C00487,0.0022,0,Low Risk,0
C00488,0.9647,1,High Risk,1
C00489,0.0006,0,Low Risk,0
C00490,0.0002,0,Low Risk,0
C00491,0.0002,0,Low Risk,0
C00492,0.0274,0,Low Risk,0
C00493,0.8814,1,High Risk,0
C00494,0.0044,0,Low Risk,0
C00495,0.0014,0,Low Risk,0
C00496,0.0426,0,Low Risk,0
C00497,0.2501,0,Low Risk,0
C00498,0.0015,0,Low Risk,0
C00499,0.9519,1,High Risk,1
C00500,0.025,0,Low Risk,0
