CustomerID,Churn_Prediction,Churn_Probability,Risk_Category,Actual_Churn
CUST-0001,0,0.2535,LOW RISK,0
CUST-0002,1,0.6134,HIGH RISK,1
CUST-0003,0,0.0859,LOW RISK,0
CUST-0004,0,0.0583,LOW RISK,0
CUST-0005,0,0.3432,MEDIUM RISK,0
CUST-0006,0,0.241,LOW RISK,0
CUST-0007,0,0.0337,LOW RISK,0
CUST-0008,0,0.0918,LOW RISK,0
CUST-0009,1,0.9214,HIGH RISK,1
CUST-0010,0,0.3565,MEDIUM RISK,0
CUST-0011,1,0.5355,MEDIUM RISK,0
CUST-0012,0,0.3587,MEDIUM RISK,0
CUST-0013,1,0.6359,HIGH RISK,1
CUST-0014,0,0.0843,LOW RISK,0
CUST-0015,0,0.1,LOW RISK,1
CUST-0016,0,0.2804,LOW RISK,0
CUST-0017,0,0.2825,LOW RISK,0
CUST-0018,1,0.6863,HIGH RISK,0
CUST-0019,0,0.489,MEDIUM RISK,0
CUST-0020,1,0.5908,MEDIUM RISK,0
CUST-0021,0,0.3197,MEDIUM RISK,0
CUST-0022,1,0.6904,HIGH RISK,1
CUST-0023,0,0.095,LOW RISK,0
CUST-0024,0,0.1645,LOW RISK,0
CUST-0025,0,0.079,LOW RISK,0
CUST-0026,1,0.5577,MEDIUM RISK,1
CUST-0027,1,0.6959,HIGH RISK,1
CUST-0028,0,0.0652,LOW RISK,0
CUST-0029,0,0.0573,LOW RISK,0
CUST-0030,1,0.8149,HIGH RISK,1
CUST-0031,1,0.8543,HIGH RISK,1
CUST-0032,1,0.7989,HIGH RISK,1
CUST-0033,1,0.5531,MEDIUM RISK,0
CUST-0034,0,0.1876,LOW RISK,0
CUST-0035,1,0.7137,HIGH RISK,1
CUST-0036,0,0.0687,LOW RISK,0
CUST-0037,0,0.4127,MEDIUM RISK,1
CUST-0038,0,0.1973,LOW RISK,0
CUST-0039,0,0.1842,LOW RISK,0
CUST-0040,0,0.1027,LOW RISK,0
CUST-0041,0,0.0635,LOW RISK,0
CUST-0042,1,0.7908,HIGH RISK,1
CUST-0043,1,0.5704,MEDIUM RISK,1
CUST-0044,1,0.6673,HIGH RISK,1
CUST-0045,1,0.7104,HIGH RISK,1
CUST-0046,0,0.0944,LOW RISK,0
CUST-0047,1,0.7319,HIGH RISK,1
CUST-0048,0,0.0848,LOW RISK,0
CUST-0049,1,0.6859,HIGH RISK,1
CUST-0050,0,0.3582,MEDIUM RISK,0
CUST-0051,1,0.6277,HIGH RISK,1
CUST-0052,0,0.1929,LOW RISK,0
CUST-0053,0,0.279,LOW RISK,0
CUST-0054,0,0.4819,MEDIUM RISK,0
CUST-0055,0,0.3271,MEDIUM RISK,0
CUST-0056,1,0.5322,MEDIUM RISK,0
CUST-0057,0,0.1894,LOW RISK,0
CUST-0058,0,0.4601,MEDIUM RISK,1
CUST-0059,0,0.3213,MEDIUM RISK,1
CUST-0060,1,0.6514,HIGH RISK,1
CUST-0061,0,0.0681,LOW RISK,0
CUST-0062,0,0.0864,LOW RISK,0
CUST-0063,0,0.0945,LOW RISK,0
CUST-0064,0,0.4173,MEDIUM RISK,0
CUST-0065,0,0.4733,MEDIUM RISK,0
CUST-0066,0,0.2828,LOW RISK,0
CUST-0067,0,0.2086,LOW RISK,0
CUST-0068,0,0.1039,LOW RISK,0
CUST-0069,1,0.6597,HIGH RISK,1
CUST-0070,0,0.4234,MEDIUM RISK,1
CUST-0071,0,0.159,LOW RISK,0
CUST-0072,0,0.0567,LOW RISK,0
CUST-0073,1,0.8345,HIGH RISK,1
CUST-0074,0,0.1116,LOW RISK,0
CUST-0075,0,0.1058,LOW RISK,0
CUST-0076,0,0.096,LOW RISK,0
CUST-0077,1,0.6194,HIGH RISK,1
CUST-0078,1,0.5748,MEDIUM RISK,1
CUST-0079,0,0.1453,LOW RISK,0
CUST-0080,1,0.7041,HIGH RISK,1
CUST-0081,0,0.3014,MEDIUM RISK,1
CUST-0082,0,0.0981,LOW RISK,1
CUST-0083,1,0.7609,HIGH RISK,1
CUST-0084,0,0.1224,LOW RISK,0
CUST-0085,1,0.8815,HIGH RISK,1
CUST-0086,1,0.6729,HIGH RISK,1
CUST-0087,0,0.1033,LOW RISK,0
CUST-0088,0,0.4028,MEDIUM RISK,0
CUST-0089,0,0.1334,LOW RISK,0
CUST-0090,0,0.0875,LOW RISK,0
CUST-0091,1,0.5904,MEDIUM RISK,1
CUST-0092,0,0.3207,MEDIUM RISK,0
CUST-0093,1,0.9073,HIGH RISK,1
CUST-0094,0,0.4791,MEDIUM RISK,0
CUST-0095,1,0.6792,HIGH RISK,1
CUST-0096,1,0.6757,HIGH RISK,1
CUST-0097,0,0.2888,LOW RISK,0
CUST-0098,0,0.1828,LOW RISK,0
CUST-0099,1,0.674,HIGH RISK,1
CUST-0100,0,0.432,MEDIUM RISK,0
CUST-0101,1,0.7808,HIGH RISK,1
CUST-0102,0,0.4144,MEDIUM RISK,0
CUST-0103,0,0.1783,LOW RISK,0
CUST-0104,0,0.4845,MEDIUM RISK,0
CUST-0105,1,0.8647,HIGH RISK,1
CUST-0106,0,0.417,MEDIUM RISK,1
CUST-0107,1,0.6592,HIGH RISK,1
CUST-0108,0,0.378,MEDIUM RISK,0
CUST-0109,0,0.3914,MEDIUM RISK,0
CUST-0110,0,0.3603,MEDIUM RISK,1
CUST-0111,0,0.144,LOW RISK,0
CUST-0112,1,0.7713,HIGH RISK,1
CUST-0113,1,0.8119,HIGH RISK,1
CUST-0114,1,0.6959,HIGH RISK,1
CUST-0115,1,0.6656,HIGH RISK,1
CUST-0116,0,0.396,MEDIUM RISK,1
CUST-0117,1,0.5121,MEDIUM RISK,1
CUST-0118,0,0.3209,MEDIUM RISK,0
CUST-0119,1,0.8102,HIGH RISK,1
CUST-0120,0,0.1036,LOW RISK,0
CUST-0121,1,0.7366,HIGH RISK,1
CUST-0122,0,0.1597,LOW RISK,0
CUST-0123,1,0.5135,MEDIUM RISK,0
CUST-0124,0,0.1358,LOW RISK,0
CUST-0125,0,0.3685,MEDIUM RISK,0
CUST-0126,0,0.1271,LOW RISK,0
CUST-0127,1,0.7215,HIGH RISK,1
CUST-0128,1,0.6473,HIGH RISK,1
CUST-0129,0,0.2174,LOW RISK,0
CUST-0130,0,0.0951,LOW RISK,1
CUST-0131,1,0.5721,MEDIUM RISK,1
CUST-0132,0,0.3851,MEDIUM RISK,1
CUST-0133,0,0.1909,LOW RISK,0
CUST-0134,0,0.1025,LOW RISK,0
CUST-0135,0,0.1871,LOW RISK,0
CUST-0136,0,0.0711,LOW RISK,0
CUST-0137,1,0.7599,HIGH RISK,1
CUST-0138,0,0.4321,MEDIUM RISK,1
CUST-0139,1,0.7846,HIGH RISK,1
CUST-0140,1,0.869,HIGH RISK,1
CUST-0141,0,0.0571,LOW RISK,0
CUST-0142,0,0.1895,LOW RISK,0
CUST-0143,0,0.0481,LOW RISK,0
CUST-0144,0,0.395,MEDIUM RISK,1
CUST-0145,1,0.6365,HIGH RISK,1
CUST-0146,1,0.848,HIGH RISK,1
CUST-0147,1,0.8487,HIGH RISK,1
CUST-0148,0,0.4348,MEDIUM RISK,0
CUST-0149,1,0.8562,HIGH RISK,1
CUST-0150,0,0.3278,MEDIUM RISK,0
CUST-0151,0,0.0661,LOW RISK,0
CUST-0152,1,0.5656,MEDIUM RISK,1
CUST-0153,0,0.257,LOW RISK,1
CUST-0154,1,0.8684,HIGH RISK,1
CUST-0155,0,0.3151,MEDIUM RISK,0
CUST-0156,1,0.7267,HIGH RISK,1
CUST-0157,0,0.3541,MEDIUM RISK,0
CUST-0158,1,0.505,MEDIUM RISK,0
CUST-0159,0,0.3259,MEDIUM RISK,1
CUST-0160,1,0.8471,HIGH RISK,1
CUST-0161,0,0.1853,LOW RISK,0
CUST-0162,0,0.1636,LOW RISK,0
CUST-0163,0,0.3281,MEDIUM RISK,0
CUST-0164,0,0.346,MEDIUM RISK,1
CUST-0165,1,0.5942,MEDIUM RISK,0
CUST-0166,0,0.2389,LOW RISK,0
CUST-0167,0,0.3777,MEDIUM RISK,0
CUST-0168,0,0.0635,LOW RISK,0
CUST-0169,0,0.3706,MEDIUM RISK,0
CUST-0170,0,0.1933,LOW RISK,0
CUST-0171,0,0.444,MEDIUM RISK,1
CUST-0172,0,0.3375,MEDIUM RISK,0
CUST-0173,0,0.3137,MEDIUM RISK,0
CUST-0174,0,0.0771,LOW RISK,0
CUST-0175,0,0.2807,LOW RISK,0
CUST-0176,1,0.6668,HIGH RISK,0
CUST-0177,0,0.1272,LOW RISK,0
CUST-0178,0,0.3053,MEDIUM RISK,1
CUST-0179,0,0.0755,LOW RISK,0
CUST-0180,1,0.6302,HIGH RISK,1
CUST-0181,0,0.4018,MEDIUM RISK,1
CUST-0182,0,0.0709,LOW RISK,0
CUST-0183,0,0.1513,LOW RISK,1
CUST-0184,0,0.4746,MEDIUM RISK,0
CUST-0185,0,0.3728,MEDIUM RISK,0
CUST-0186,0,0.2734,LOW RISK,0
CUST-0187,0,0.4404,MEDIUM RISK,1
CUST-0188,0,0.0813,LOW RISK,0
CUST-0189,0,0.3806,MEDIUM RISK,0
CUST-0190,0,0.0776,LOW RISK,0
CUST-0191,0,0.2535,LOW RISK,0
CUST-0192,0,0.0764,LOW RISK,0
CUST-0193,0,0.4614,MEDIUM RISK,1
CUST-0194,0,0.0807,LOW RISK,0
CUST-0195,0,0.0556,LOW RISK,0
CUST-0196,0,0.0597,LOW RISK,0
CUST-0197,1,0.8737,HIGH RISK,1
CUST-0198,0,0.2934,LOW RISK,0
CUST-0199,0,0.0695,LOW RISK,0
CUST-0200,1,0.531,MEDIUM RISK,0
CUST-0201,0,0.0667,LOW RISK,0
CUST-0202,0,0.081,LOW RISK,0
CUST-0203,0,0.3409,MEDIUM RISK,0
CUST-0204,0,0.2987,LOW RISK,0
CUST-0205,0,0.2624,LOW RISK,0
CUST-0206,0,0.4593,MEDIUM RISK,1
CUST-0207,0,0.1514,LOW RISK,0
CUST-0208,0,0.2342,LOW RISK,0
CUST-0209,0,0.1546,LOW RISK,0
CUST-0210,0,0.0576,LOW RISK,0
CUST-0211,1,0.93,HIGH RISK,1
CUST-0212,1,0.6498,HIGH RISK,1
CUST-0213,1,0.6331,HIGH RISK,1
CUST-0214,0,0.1367,LOW RISK,1
CUST-0215,1,0.6435,HIGH RISK,1
CUST-0216,0,0.3174,MEDIUM RISK,0
CUST-0217,1,0.5546,MEDIUM RISK,1
CUST-0218,1,0.5686,MEDIUM RISK,1
CUST-0219,1,0.6155,HIGH RISK,0
CUST-0220,0,0.411,MEDIUM RISK,0
CUST-0221,0,0.0711,LOW RISK,0
CUST-0222,1,0.8982,HIGH RISK,1
CUST-0223,1,0.652,HIGH RISK,1
CUST-0224,1,0.839,HIGH RISK,1
CUST-0225,1,0.5448,MEDIUM RISK,1
CUST-0226,0,0.0836,LOW RISK,0
CUST-0227,0,0.1352,LOW RISK,1
CUST-0228,1,0.8178,HIGH RISK,1
CUST-0229,1,0.6422,HIGH RISK,0
CUST-0230,0,0.0881,LOW RISK,0
CUST-0231,1,0.5921,MEDIUM RISK,0
CUST-0232,1,0.7093,HIGH RISK,1
CUST-0233,0,0.1462,LOW RISK,0
CUST-0234,0,0.055,LOW RISK,0
CUST-0235,0,0.0879,LOW RISK,0
CUST-0236,0,0.1862,LOW RISK,0
CUST-0237,0,0.0638,LOW RISK,0
CUST-0238,1,0.6762,HIGH RISK,1
CUST-0239,0,0.4583,MEDIUM RISK,1
CUST-0240,0,0.2579,LOW RISK,0
CUST-0241,1,0.5703,MEDIUM RISK,1
CUST-0242,1,0.6381,HIGH RISK,1
CUST-0243,0,0.2821,LOW RISK,1
CUST-0244,0,0.1959,LOW RISK,0
CUST-0245,0,0.1087,LOW RISK,0
CUST-0246,0,0.063,LOW RISK,0
CUST-0247,1,0.7918,HIGH RISK,1
CUST-0248,0,0.1078,LOW RISK,0
CUST-0249,0,0.0859,LOW RISK,0
CUST-0250,1,0.7101,HIGH RISK,1
CUST-0251,0,0.3628,MEDIUM RISK,1
CUST-0252,1,0.6291,HIGH RISK,0
CUST-0253,0,0.1077,LOW RISK,0
CUST-0254,0,0.4498,MEDIUM RISK,0
CUST-0255,1,0.6181,HIGH RISK,1
CUST-0256,1,0.8363,HIGH RISK,1
CUST-0257,0,0.1266,LOW RISK,0
CUST-0258,1,0.6936,HIGH RISK,1
CUST-0259,0,0.2192,LOW RISK,0
CUST-0260,0,0.2671,LOW RISK,1
CUST-0261,0,0.3348,MEDIUM RISK,0
CUST-0262,0,0.0678,LOW RISK,0
CUST-0263,0,0.2442,LOW RISK,0
CUST-0264,1,0.5253,MEDIUM RISK,0
CUST-0265,0,0.1007,LOW RISK,0
CUST-0266,1,0.593,MEDIUM RISK,1
CUST-0267,0,0.1008,LOW RISK,0
CUST-0268,0,0.4093,MEDIUM RISK,1
CUST-0269,0,0.268,LOW RISK,0
CUST-0270,1,0.7569,HIGH RISK,0
CUST-0271,1,0.8254,HIGH RISK,1
CUST-0272,0,0.4544,MEDIUM RISK,1
CUST-0273,1,0.7852,HIGH RISK,1
CUST-0274,1,0.7125,HIGH RISK,1
CUST-0275,1,0.5543,MEDIUM RISK,0
CUST-0276,0,0.4466,MEDIUM RISK,1
CUST-0277,0,0.2708,LOW RISK,0
CUST-0278,1,0.7065,HIGH RISK,1
CUST-0279,0,0.1696,LOW RISK,0
CUST-0280,0,0.3384,MEDIUM RISK,1
CUST-0281,0,0.1403,LOW RISK,0
CUST-0282,0,0.1387,LOW RISK,0
CUST-0283,0,0.1203,LOW RISK,0
CUST-0284,0,0.079,LOW RISK,0
CUST-0285,0,0.0536,LOW RISK,0
CUST-0286,0,0.3032,MEDIUM RISK,0
CUST-0287,1,0.6819,HIGH RISK,0
CUST-0288,0,0.1247,LOW RISK,0
CUST-0289,1,0.5443,MEDIUM RISK,0
CUST-0290,1,0.5835,MEDIUM RISK,1
CUST-0291,0,0.479,MEDIUM RISK,0
CUST-0292,0,0.3418,MEDIUM RISK,0
CUST-0293,0,0.4969,MEDIUM RISK,0
CUST-0294,0,0.3026,MEDIUM RISK,0
CUST-0295,0,0.0766,LOW RISK,0
CUST-0296,0,0.1072,LOW RISK,0
CUST-0297,0,0.4952,MEDIUM RISK,0
CUST-0298,0,0.0885,LOW RISK,0
CUST-0299,0,0.4943,MEDIUM RISK,0
CUST-0300,0,0.4604,MEDIUM RISK,0
CUST-0301,0,0.4931,MEDIUM RISK,1
CUST-0302,1,0.7547,HIGH RISK,1
CUST-0303,0,0.0796,LOW RISK,0
CUST-0304,0,0.0921,LOW RISK,0
CUST-0305,0,0.0703,LOW RISK,0
CUST-0306,0,0.0402,LOW RISK,0
CUST-0307,0,0.1983,LOW RISK,0
CUST-0308,1,0.6246,HIGH RISK,1
CUST-0309,0,0.1406,LOW RISK,0
CUST-0310,0,0.0579,LOW RISK,0
CUST-0311,0,0.3708,MEDIUM RISK,0
CUST-0312,1,0.7431,HIGH RISK,0
CUST-0313,0,0.4929,MEDIUM RISK,0
CUST-0314,1,0.648,HIGH RISK,1
CUST-0315,0,0.2733,LOW RISK,0
CUST-0316,1,0.8188,HIGH RISK,1
CUST-0317,1,0.6177,HIGH RISK,1
CUST-0318,0,0.0722,LOW RISK,0
CUST-0319,0,0.0727,LOW RISK,1
CUST-0320,0,0.2899,LOW RISK,0
CUST-0321,1,0.5788,MEDIUM RISK,0
CUST-0322,1,0.5193,MEDIUM RISK,1
CUST-0323,0,0.1843,LOW RISK,0
CUST-0324,0,0.0473,LOW RISK,0
CUST-0325,0,0.3079,MEDIUM RISK,0
CUST-0326,0,0.2049,LOW RISK,0
CUST-0327,0,0.1268,LOW RISK,0
CUST-0328,1,0.531,MEDIUM RISK,1
CUST-0329,0,0.4846,MEDIUM RISK,1
CUST-0330,0,0.161,LOW RISK,0
CUST-0331,0,0.2983,LOW RISK,0
CUST-0332,1,0.7731,HIGH RISK,1
CUST-0333,1,0.6611,HIGH RISK,1
CUST-0334,1,0.6902,HIGH RISK,1
CUST-0335,0,0.135,LOW RISK,0
CUST-0336,0,0.3022,MEDIUM RISK,0
CUST-0337,0,0.0617,LOW RISK,0
CUST-0338,0,0.4419,MEDIUM RISK,0
CUST-0339,1,0.5099,MEDIUM RISK,1
CUST-0340,1,0.5003,MEDIUM RISK,1
CUST-0341,1,0.7834,HIGH RISK,1
CUST-0342,1,0.7502,HIGH RISK,1
CUST-0343,0,0.382,MEDIUM RISK,0
CUST-0344,0,0.0671,LOW RISK,0
CUST-0345,1,0.6286,HIGH RISK,1
CUST-0346,1,0.6254,HIGH RISK,1
CUST-0347,1,0.6861,HIGH RISK,1
CUST-0348,1,0.7513,HIGH RISK,1
CUST-0349,0,0.187,LOW RISK,0
CUST-0350,0,0.2538,LOW RISK,0
CUST-0351,0,0.1033,LOW RISK,0
CUST-0352,1,0.727,HIGH RISK,1
CUST-0353,0,0.4761,MEDIUM RISK,0
CUST-0354,1,0.5353,MEDIUM RISK,1
CUST-0355,1,0.6253,HIGH RISK,0
CUST-0356,0,0.0766,LOW RISK,0
CUST-0357,0,0.3658,MEDIUM RISK,0
CUST-0358,1,0.7656,HIGH RISK,1
CUST-0359,0,0.0996,LOW RISK,0
CUST-0360,0,0.064,LOW RISK,0
CUST-0361,0,0.3372,MEDIUM RISK,0
CUST-0362,0,0.4691,MEDIUM RISK,0
CUST-0363,1,0.7521,HIGH RISK,1
CUST-0364,0,0.3053,MEDIUM RISK,0
CUST-0365,1,0.7066,HIGH RISK,1
CUST-0366,0,0.207,LOW RISK,0
CUST-0367,1,0.7402,HIGH RISK,1
CUST-0368,1,0.645,HIGH RISK,1
CUST-0369,1,0.7392,HIGH RISK,1
CUST-0370,1,0.6955,HIGH RISK,1
CUST-0371,0,0.2538,LOW RISK,0
CUST-0372,0,0.2206,LOW RISK,0
CUST-0373,0,0.2912,LOW RISK,0
CUST-0374,1,0.5715,MEDIUM RISK,0
CUST-0375,0,0.4023,MEDIUM RISK,0
CUST-0376,0,0.061,LOW RISK,0
CUST-0377,0,0.1833,LOW RISK,0
CUST-0378,1,0.604,HIGH RISK,1
CUST-0379,0,0.3211,MEDIUM RISK,0
CUST-0380,0,0.1043,LOW RISK,0
CUST-0381,0,0.1929,LOW RISK,0
CUST-0382,1,0.7702,HIGH RISK,1
CUST-0383,0,0.4869,MEDIUM RISK,1
CUST-0384,1,0.5983,MEDIUM RISK,1
CUST-0385,0,0.1369,LOW RISK,0
CUST-0386,1,0.829,HIGH RISK,1
CUST-0387,1,0.6079,HIGH RISK,1
CUST-0388,1,0.8559,HIGH RISK,1
CUST-0389,0,0.1181,LOW RISK,0
CUST-0390,0,0.1294,LOW RISK,0
CUST-0391,0,0.357,MEDIUM RISK,0
CUST-0392,1,0.8107,HIGH RISK,1
CUST-0393,0,0.0802,LOW RISK,0
CUST-0394,1,0.5877,MEDIUM RISK,1
CUST-0395,0,0.1059,LOW RISK,0
CUST-0396,0,0.0687,LOW RISK,0
CUST-0397,1,0.5375,MEDIUM RISK,0
CUST-0398,0,0.4222,MEDIUM RISK,1
CUST-0399,1,0.7241,HIGH RISK,1
CUST-0400,1,0.6662,HIGH RISK,1
CUST-0401,0,0.0945,LOW RISK,0
CUST-0402,1,0.5635,MEDIUM RISK,1
CUST-0403,0,0.2568,LOW RISK,0
CUST-0404,0,0.3938,MEDIUM RISK,1
CUST-0405,0,0.2479,LOW RISK,0
CUST-0406,1,0.7749,HIGH RISK,1
CUST-0407,1,0.6415,HIGH RISK,1
CUST-0408,1,0.5851,MEDIUM RISK,1
CUST-0409,1,0.5355,MEDIUM RISK,1
CUST-0410,0,0.4558,MEDIUM RISK,1
CUST-0411,0,0.2784,LOW RISK,0
CUST-0412,1,0.8198,HIGH RISK,1
CUST-0413,1,0.8657,HIGH RISK,1
CUST-0414,1,0.8288,HIGH RISK,1
CUST-0415,0,0.057,LOW RISK,0
CUST-0416,1,0.7935,HIGH RISK,1
CUST-0417,1,0.9206,HIGH RISK,1
CUST-0418,0,0.0791,LOW RISK,0
CUST-0419,0,0.112,LOW RISK,0
CUST-0420,1,0.6538,HIGH RISK,1
CUST-0421,0,0.4647,MEDIUM RISK,1
CUST-0422,0,0.0584,LOW RISK,0
CUST-0423,0,0.1419,LOW RISK,0
CUST-0424,0,0.1865,LOW RISK,0
CUST-0425,0,0.453,MEDIUM RISK,0
CUST-0426,1,0.6341,HIGH RISK,1
CUST-0427,1,0.5297,MEDIUM RISK,1
CUST-0428,1,0.6866,HIGH RISK,0
CUST-0429,0,0.3544,MEDIUM RISK,0
CUST-0430,0,0.2047,LOW RISK,0
CUST-0431,1,0.8361,HIGH RISK,1
CUST-0432,1,0.7203,HIGH RISK,1
CUST-0433,1,0.8351,HIGH RISK,1
CUST-0434,0,0.0412,LOW RISK,0
CUST-0435,0,0.0681,LOW RISK,0
CUST-0436,1,0.5527,MEDIUM RISK,0
CUST-0437,0,0.0721,LOW RISK,0
CUST-0438,1,0.7563,HIGH RISK,1
CUST-0439,0,0.0695,LOW RISK,0
CUST-0440,0,0.2023,LOW RISK,0
CUST-0441,0,0.1002,LOW RISK,0
CUST-0442,1,0.6567,HIGH RISK,1
CUST-0443,1,0.5078,MEDIUM RISK,0
CUST-0444,0,0.4417,MEDIUM RISK,0
CUST-0445,0,0.1237,LOW RISK,0
CUST-0446,1,0.6746,HIGH RISK,0
CUST-0447,0,0.0548,LOW RISK,0
CUST-0448,0,0.1524,LOW RISK,0
CUST-0449,0,0.0692,LOW RISK,0
CUST-0450,1,0.9005,HIGH RISK,1
CUST-0451,1,0.7467,HIGH RISK,1
CUST-0452,0,0.0635,LOW RISK,0
CUST-0453,0,0.4391,MEDIUM RISK,1
CUST-0454,1,0.6686,HIGH RISK,1
CUST-0455,1,0.5079,MEDIUM RISK,0
CUST-0456,1,0.5796,MEDIUM RISK,1
CUST-0457,1,0.7486,HIGH RISK,1
CUST-0458,0,0.2299,LOW RISK,0
CUST-0459,1,0.6323,HIGH RISK,1
CUST-0460,0,0.3728,MEDIUM RISK,0
CUST-0461,1,0.6462,HIGH RISK,1
CUST-0462,1,0.6245,HIGH RISK,0
CUST-0463,0,0.1833,LOW RISK,0
CUST-0464,1,0.6202,HIGH RISK,1
CUST-0465,1,0.7771,HIGH RISK,1
CUST-0466,0,0.111,LOW RISK,0
CUST-0467,0,0.2992,LOW RISK,0
CUST-0468,1,0.6034,HIGH RISK,0
CUST-0469,0,0.0807,LOW RISK,0
CUST-0470,0,0.1106,LOW RISK,0
CUST-0471,0,0.0743,LOW RISK,0
CUST-0472,1,0.6164,HIGH RISK,1
CUST-0473,0,0.4804,MEDIUM RISK,0
CUST-0474,0,0.1694,LOW RISK,0
CUST-0475,0,0.4111,MEDIUM RISK,1
CUST-0476,1,0.6204,HIGH RISK,1
CUST-0477,0,0.0935,LOW RISK,0
CUST-0478,1,0.6511,HIGH RISK,1
CUST-0479,1,0.674,HIGH RISK,0
CUST-0480,0,0.2212,LOW RISK,0
CUST-0481,1,0.8598,HIGH RISK,1
CUST-0482,0,0.0459,LOW RISK,0
CUST-0483,0,0.0417,LOW RISK,0
CUST-0484,1,0.7725,HIGH RISK,1
CUST-0485,0,0.0552,LOW RISK,0
CUST-0486,1,0.9091,HIGH RISK,1
CUST-0487,0,0.2227,LOW RISK,0
CUST-0488,0,0.0666,LOW RISK,0
CUST-0489,0,0.1975,LOW RISK,0
CUST-0490,0,0.069,LOW RISK,0
CUST-0491,0,0.3354,MEDIUM RISK,0
CUST-0492,0,0.414,MEDIUM RISK,0
CUST-0493,1,0.917,HIGH RISK,1
CUST-0494,0,0.2613,LOW RISK,0
CUST-0495,0,0.3113,MEDIUM RISK,0
CUST-0496,1,0.8583,HIGH RISK,1
CUST-0497,0,0.1124,LOW RISK,0
CUST-0498,1,0.5868,MEDIUM RISK,1
CUST-0499,1,0.7974,HIGH RISK,0
CUST-0500,1,0.6667,HIGH RISK,0
